{
            "manufacturer" : "",
            "model_number" : "",
            "device_class" : "controller",
            "device_vid" : 10462,
            "device_pid" : 8960,
            "device_serial_number" : "LHR-XXXXXXXX",
            "lighthouse_config" : {
    "channelMap" : [12, 4, 9, 8, 6, 10, 2, 7, 11, 5, 1, 3, 0], 
    "modelNormals": [
        [0.79999998, -0.60000003, -1.1e-07],
        [-0.79254229, -0.57164624, -0.21236126],
        [0.0, 0.52999901, 0.84799826],
        [-0.43603429, 0.78724092, 0.43603421],
        [-0.37395543, 0.8487135, -0.37395551],
        [0.0, 1.0, -9e-08],
        [-0.0, 0.74740926, -0.6643639],
        [0.52409736, 0.85165836, -9e-08],
        [0.4008056, 0.82383846, 0.40080552],
        [-0.49970985, 0.86098728, -0.09482074],
        [-0.0, -0.60000007, -0.79999995],
        [-0.57463636, -0.58273972, -0.57463682],
        [0.4008056, 0.82383838, -0.40080568]
    ],
    "modelPoints" : [
       [0.04978279, 0.00269287, -0.00582322],
       [-0.05634493, 0.01161534, -0.01014007],
       [0.00113528, 0.03403545, 0.03383458],
       [-0.03398815, 0.03222491, 0.02400988],
       [-0.03181313, 0.03165799, -0.03192157],
       [0.01925463, 0.04221051, -0.00172689],
       [0.00298122, 0.03044183, -0.0415802],
       [0.05456582, 0.02593964, 0.00713519],
       [0.03849373, 0.03194221, 0.02247474],
       [-0.04478879, 0.0318863, -0.00458629],
       [0.01399873, 0.00633823, -0.0425168],
       [-0.04307871, 0.0140018, -0.03896731],
       [0.03309199, 0.03278589, -0.02614233]
    ]
},
"imu" : {
            "acc_bias" : [ 0, 0, 0 ],
            "acc_scale" : [ 1, 1, 1 ],
            "gyro_bias" : [ 0, 0, 0 ],
            "gyro_scale" : [ 1, 1, 1 ],
            "plus_x" : [ -1.0, -0.0, -0.0],
            "plus_z" : [ 0.0, 1.0, -1.7e-07],
            "position" : [ 0.00532488, 0.01845001, -0.01004994 ]
        },
   "render_model" : "ref_controller",
   "head" : {
      "plus_x" : [ 1, 0, 0 ],
      "plus_z" : [ 0, 0, 1 ],
      "position" : [ 0, 0, 0 ]
   },
   "revision" : 3,
   "display_edid" : [ "", "" ],
   "lens_separation" : 0.06230000033974648,
   "device" : {
      "eye_target_height_in_pixels" : 1080,
      "eye_target_width_in_pixels" : 960,
      "first_eye" : "eEYE_LEFT",
      "last_eye" : "eEYE_RIGHT",
      "num_windows" : 1,
      "persistence" : 0.01666999980807304,
      "physical_aspect_x_over_y" : 0.8000000119209290
   },
   "tracking_to_eye_transform" : [
      {
         "distortion" : {
            "center_x" : 0.0,
            "center_y" : 0.0,
            "coeffs" : [ 0.0, 0.0, 0.0, 0.0, 0.0, 0.0, 0.0, 0.0 ],
            "type" : "DISTORT_DPOLY3"
         },
         "distortion_blue" : {
            "center_x" : 0.0,
            "center_y" : 0.0,
            "coeffs" : [ 0.0, 0.0, 0.0, 0.0, 0.0, 0.0, 0.0, 0.0 ],
            "type" : "DISTORT_DPOLY3"
         },
         "distortion_red" : {
            "center_x" : 0.0,
            "center_y" : 0.0,
            "coeffs" : [ 0.0, 0.0, 0.0, 0.0, 0.0, 0.0, 0.0, 0.0 ],
            "type" : "DISTORT_DPOLY3"
         },
         "extrinsics" : [
            [ 1.0, 0.0, 0.0, 0.03115000016987324 ],
            [ 0.0, 1.0, 0.0, 0.0 ],
            [ 0.0, 0.0, 1.0, 0.0 ]
         ],
         "grow_for_undistort" : 0.0,
         "intrinsics" : [
            [ 1.250, 0.0, 0.0 ],
            [ 0.0, 1.0, 0.0 ],
            [ 0.0, 0.0, -1.0 ]
         ],
         "undistort_r2_cutoff" : 1.50
      },
      {
         "distortion" : {
            "center_x" : 0.0,
            "center_y" : 0.0,
            "coeffs" : [ 0.0, 0.0, 0.0, 0.0, 0.0, 0.0, 0.0, 0.0 ],
            "type" : "DISTORT_DPOLY3"
         },
         "distortion_blue" : {
            "center_x" : 0.0,
            "center_y" : 0.0,
            "coeffs" : [ 0.0, 0.0, 0.0, 0.0, 0.0, 0.0, 0.0, 0.0 ],
            "type" : "DISTORT_DPOLY3"
         },
         "distortion_red" : {
            "center_x" : 0.0,
            "center_y" : 0.0,
            "coeffs" : [ 0.0, 0.0, 0.0, 0.0, 0.0, 0.0, 0.0, 0.0 ],
            "type" : "DISTORT_DPOLY3"
         },
         "extrinsics" : [
            [ 1.0, 0.0, 0.0, -0.03115000016987324 ],
            [ 0.0, 1.0, 0.0, 0.0 ],
            [ 0.0, 0.0, 1.0, 0.0 ]
         ],
         "grow_for_undistort" : 0.0,
         "intrinsics" : [
            [ 1.250, 0.0, 0.0 ],
            [ 0.0, 1.0, 0.0 ],
            [ 0.0, 0.0, -1.0 ]
         ],
         "undistort_r2_cutoff" : 1.50
      }
   ],
    "type" : "Lighthouse_HMD",
    "firmware_config": {
         "sensor_env_on_pin_a":"0x7FFFF800"
    }
}
